"Gene","logFC_TCGA","adjP_TCGA","logFC_METABRIC","adjP_METABRIC","Concordant"
"SPON1",2.34529600840336,5.70093963638308e-07,1.46291909090909,0.0087244328339485,TRUE
"SFRP4",2.23550903361345,1.16547384421774e-05,1.19618136363636,0.0457962046607804,TRUE
"EDIL3",2.11309222689076,0.000350149795200643,0.949810909090909,0.010213592698396,TRUE
"COL3A1",1.97549033613445,2.86653511892058e-11,1.28853727272727,0.00362573183209944,TRUE
"CORIN",1.95206911764706,7.4382778491529e-05,1.18339136363636,0.0336693706242428,TRUE
"COL1A2",1.94765231092437,1.43870574978061e-11,1.23474772727273,0.00460541045249674,TRUE
"COL12A1",1.92112836134454,2.54450950604448e-07,1.29802227272727,0.0058012489272583,TRUE
"SCG2",1.91513046218487,2.45473581060555e-06,1.20261863636364,0.0389230784116933,TRUE
"COL5A1",1.8709050420168,1.14978216597464e-11,1.52060681818182,0.00224157402997478,TRUE
"ITGA11",1.85250756302521,7.33061179296926e-08,1.21978,0.0087244328339485,TRUE
"COL5A2",1.84481281512605,1.50791155845612e-10,1.42294590909091,0.00121574414594156,TRUE
"MFAP5",1.84301134453782,5.68239908517116e-06,1.38008727272727,0.0119404409137741,TRUE
"SFRP2",1.8262993697479,2.02683129751691e-07,1.13937636363636,0.034518828098221,TRUE
"FLNC",1.80773697478991,0.00120030607422704,1.67215409090909,0.00802345632851018,TRUE
"SPOCK1",1.80583949579832,0.000141264508269166,1.401125,0.00400982895954679,TRUE
"COL6A3",1.73973214285714,1.99233102148189e-09,1.18329454545455,0.0168229641958084,TRUE
"PODN",1.72790462184874,1.25211557667224e-06,1.45989909090909,0.0204139882319279,TRUE
"AEBP1",1.72524201680673,4.87441366438423e-10,1.43092590909091,0.00127347369653936,TRUE
"PCDH7",1.72354915966386,1.08794094197526e-05,1.01688636363636,0.0486343820806524,TRUE
"MMP2",1.72336743697479,6.79942000238047e-09,1.57969181818182,0.0236861323631328,TRUE
"RGS4",1.71727163865546,6.95553401453513e-05,1.39000818181818,0.00781474873306363,TRUE
"HTRA1",1.70225399159664,5.35406461409104e-08,1.50997227272727,0.00362573183209944,TRUE
"LUM",1.6865319327731,3.03289370687216e-09,0.870662727272727,0.0119404409137741,TRUE
"POSTN",1.65869075630252,4.26864865063713e-07,1.33317136363636,0.00127347369653936,TRUE
"CPZ",1.65574411764706,1.07823423825751e-05,1.60825590909091,0.0211829671470349,TRUE
"VCAN",1.65316386554622,2.27539245769562e-07,1.37328090909091,0.00127347369653936,TRUE
"DACT1",1.64744852941177,7.33803124474114e-08,1.66193090909091,0.00127347369653936,TRUE
"COL5A3",1.61879453781513,3.08103102232889e-09,1.43689136363636,0.0389230784116933,TRUE
"FBN1",1.61832016806723,3.98004760192095e-06,1.61761,0.00127347369653936,TRUE
"CDH11",1.60689978991597,7.51404872002543e-09,1.31266272727273,0.00152809769603082,TRUE
"SSC5D",1.59680294117647,6.78636442433779e-06,1.24879863636364,0.038900885799436,TRUE
"ADAMTS2",1.59240609243697,3.07647277547732e-07,1.58990136363636,0.00746204736341216,TRUE
"CNN1",1.58606995798319,0.0161230195793236,1.18079,0.0399759860813591,TRUE
"SRPX2",1.58232457983193,3.82841551756519e-08,1.37875272727273,0.0200575412281836,TRUE
"FBLN1",1.5818224789916,2.66623568840201e-06,1.09530909090909,0.0391828900405246,TRUE
"NTM",1.57255693277311,1.1692373831623e-06,1.52509636363636,0.00234914001971509,TRUE
"SGCD",1.55939180672269,7.28683573417219e-06,1.33595136363636,0.007227113260414,TRUE
"NOX4",1.54973319327731,2.36226683171622e-08,1.21461545454545,0.0204139882319279,TRUE
"SULF1",1.51342016806723,6.6632445490763e-07,1.06426727272727,0.0327943206393402,TRUE
"BNC2",1.50771218487395,1.54135540961909e-06,1.56991545454545,0.00400982895954679,TRUE
"SLIT2",1.49956365546218,0.000306487162001023,1.11587590909091,0.0168277463184134,TRUE
"CCDC80",1.4549787815126,2.24864649627116e-05,1.71488590909091,0.0240862393548824,TRUE
"MN1",1.44299579831933,0.00872507910162888,1.31674545454545,0.00460541045249674,TRUE
"DCN",1.44161071428571,8.19796065802395e-06,0.702931363636363,0.0389230784116933,TRUE
"CTSK",1.41783886554621,4.81446766174067e-07,1.15512590909091,0.0119404409137741,TRUE
"GLT8D2",1.41661806722689,1.72502386319783e-08,1.25714590909091,0.00345258302713159,TRUE
"THBS1",1.41568823529411,6.30527599847743e-05,1.09579090909091,0.0332960218787872,TRUE
"ECM2",1.41523991596638,3.78757806212206e-05,1.27551136363636,0.00400982895954679,TRUE
"COL8A1",1.40072920168067,0.0024678039511474,1.35977681818182,0.0284338441708588,TRUE
"PRSS23",1.40054894957983,1.25939363921339e-08,0.831945,0.0340042586520596,TRUE
"FILIP1L",1.39942310924369,2.61521536098942e-07,1.63598,0.00414558610236367,TRUE
"SPON2",1.39012352941177,0.0024678039511474,1.52329818181818,0.0138889558728706,TRUE
"TAGLN",1.38720756302522,0.00685178481213194,1.07532454545455,0.0332960218787872,TRUE
"MEG3",1.38701722689075,0.00199030229222696,1.46998181818182,0.00635045574984223,TRUE
"ANGPTL2",1.38261323529411,4.83341578980889e-08,1.52574363636364,0.00460541045249674,TRUE
"LRRC32",1.3793069327731,6.78636442433779e-06,1.56700772727273,0.00405868416411697,TRUE
"EMILIN1",1.37788886554621,5.68415602388878e-06,1.88994409090909,0.00234914001971509,TRUE
"C1QTNF3",1.37597016806722,0.00185897453955703,1.08415181818182,0.0155873598652782,TRUE
"PRICKLE2",1.35987857142857,0.00031822936502876,1.13615090909091,0.0482918854045844,TRUE
"PDPN",1.34665651260504,3.09386344651199e-06,1.63762818181818,0.00608613239028958,TRUE
"PTPRD",1.34394075630252,0.00842621094341074,1.46421181818182,0.00405868416411697,TRUE
"CHSY3",1.34186680672269,3.10488094961949e-08,1.84012863636364,0.00121574414594156,TRUE
"SPARC",1.33120210084033,3.00727061437987e-08,1.42832227272727,0.00345258302713159,TRUE
"GPC6",1.32394453781513,0.00329597634628225,1.62021818181818,0.00350886154050187,TRUE
"DKK3",1.32349432773109,0.000100970592277221,1.31550727272727,0.0119404409137741,TRUE
"PTH1R",1.31542079831933,0.00130047228642191,1.17822909090909,0.0332960218787872,TRUE
"OLFML1",1.31496722689076,7.24350451495546e-07,1.67036818181818,0.00876347453459554,TRUE
"HOXD1",1.30864978991597,0.00845796310738434,1.01463,0.0221951665946943,TRUE
"CD248",1.29743760504202,1.55532048884883e-05,1.58133909090909,0.0268026880149203,TRUE
"WNT2",1.29658529411765,2.74858621834305e-05,1.74794454545455,0.00345258302713159,TRUE
"THY1",1.27599327731093,2.841235261343e-08,1.6148,0.00437955078096261,TRUE
"ANTXR1",1.27152205882353,4.38867509901215e-07,1.13425181818182,0.00345258302713159,TRUE
"DPYSL3",1.27117226890756,0.00137131066708835,0.897223636363636,0.0310266191295409,TRUE
"PDGFRA",1.25801701680672,0.000305020412448344,1.254535,0.007227113260414,TRUE
"LAMA4",1.252,2.57911655810147e-06,1.73185363636364,0.00345258302713159,TRUE
"BICC1",1.24954768907563,0.0152452387055319,1.47631727272727,0.0058012489272583,TRUE
"EVC",1.24627163865546,0.000754155401022681,1.42095772727273,0.0111751898310379,TRUE
"CACNA1C",1.23850882352941,0.00237437447292697,1.30966409090909,0.00802345632851018,TRUE
"HEYL",1.23574726890756,1.90633444546689e-05,1.31931227272727,0.00938189873306818,TRUE
"RARRES2",1.21439012605042,6.81685561986084e-05,1.20546954545454,0.0216262406406151,TRUE
"SCARF2",1.20240777310924,0.000962604665831193,1.43158545454545,0.00736673821187849,TRUE
"CERCAM",1.16851533613445,3.56623437013298e-08,1.68226681818182,0.00345258302713159,TRUE
"TIMP3",1.1640775210084,0.00119231035145732,1.03745590909091,0.0392529208607674,TRUE
"PCOLCE",1.16299495798319,2.51999757467611e-07,1.59942636363636,0.00876347453459554,TRUE
"ITGB5",1.15588256302521,0.000147784530810974,1.33427681818182,0.0250247009582145,TRUE
"PLXDC1",1.15179159663866,4.01925707797462e-05,1.51366863636364,0.0268026880149203,TRUE
"LOX",1.14320168067227,0.00024175669948327,1.32026227272727,0.0310266191295409,TRUE
"MRGPRF",1.14011029411765,0.000304740768328752,1.68156863636364,0.0424075901466164,TRUE
"MXRA5",1.13121575630252,0.000306487162001023,1.24279454545455,0.0215382757820788,TRUE
"TSHZ3",1.12357899159664,7.3978888958046e-06,1.79745045454545,0.00127347369653936,TRUE
"SERPINF1",1.12219117647059,5.68834920989093e-05,1.36208681818182,0.00345258302713159,TRUE
"COPZ2",1.11798340336135,0.000145281087866744,1.75050181818182,0.00368405790117748,TRUE
"FEZ1",1.11214369747899,0.00118657859805364,1.46199272727273,0.0324968846081006,TRUE
"NDN",1.10733004201681,0.000249669173996955,1.287875,0.0236861323631328,TRUE
"EFEMP2",1.09461848739496,1.76315670677912e-05,1.55556,0.00460541045249674,TRUE
"SMOC2",1.09421239495798,0.0081455727082088,1.08442681818182,0.025797682206606,TRUE
"CFH",1.09303823529412,0.000181186843285503,1.12953136363636,0.0399871475366528,TRUE
"CRISPLD2",1.09058025210084,4.2307030537052e-05,1.29820818181818,0.0119404409137741,TRUE
"MSRB3",1.07460924369747,0.015286237873092,1.31508636363636,0.00345258302713159,TRUE
"LOXL1",1.05851785714285,0.00247166524789426,1.09835,0.0211829671470349,TRUE
"NUAK1",1.04828067226891,0.00019404281283535,1.39242863636364,0.0123656281321851,TRUE
"FIBIN",1.03939852941177,0.0294680522738297,1.33903818181818,0.0184510929974902,TRUE
"PRRX1",1.03648025210084,0.000396999741660683,0.972500909090909,0.0435067938087906,TRUE
"BMP1",1.02185441176471,3.10488094961949e-08,1.37365909090909,0.0146339496301578,TRUE
"PMEPA1",1.01910714285714,0.00199030229222696,1.17536,0.0438650244915221,TRUE
"OLFML3",1.01538109243697,0.00213212987577885,1.13894181818182,0.0423367777786739,TRUE
"COX7A1",1.00274348739496,0.0112990643837389,1.16312363636364,0.00769124644052932,TRUE
"TGFB1I1",1.00157731092437,0.00115179455470409,1.55052590909091,0.00448400514141323,TRUE
