"pathway","pval","padj","log2err","ES","NES","size","pathway_label"
"HALLMARK_EPITHELIAL_MESENCHYMAL_TRANSITION",1.78628834739691e-47,8.93144173698456e-46,1.79734246412339,0.767519850474228,3.03598146807637,186,"EPITHELIAL MESENCHYMAL TRANSITION"
"HALLMARK_COAGULATION",4.40406768752068e-13,3.67005640626724e-12,0.932595211336209,0.596296892574869,2.26855132087703,135,"COAGULATION"
"HALLMARK_UV_RESPONSE_DN",1.03295033283146e-11,6.45593958019665e-11,0.875325132024659,0.591265171772129,2.24222769168339,133,"UV RESPONSE DN"
"HALLMARK_MYOGENESIS",1.49854025974856e-14,1.8731753246857e-13,0.97599468306432,0.563928162026812,2.23941294977656,195,"MYOGENESIS"
"HALLMARK_ANGIOGENESIS",3.09836198913467e-07,1.10655785326238e-06,0.674962860011025,0.708764472179979,2.21315043708037,36,"ANGIOGENESIS"
"HALLMARK_APICAL_JUNCTION",3.68110995528647e-11,2.04506108627026e-10,0.851339057116899,0.528063423713033,2.08897091497942,191,"APICAL JUNCTION"
"HALLMARK_KRAS_SIGNALING_UP",1.14542172136582e-09,5.20646236984466e-09,0.788186810800237,0.507759615383164,2.00645916108483,190,"KRAS SIGNALING UP"
"HALLMARK_ANDROGEN_RESPONSE",5.98457212569116e-07,1.99485737523039e-06,0.659444398037935,0.543683496869676,2.00170839307574,97,"ANDROGEN RESPONSE"
"HALLMARK_TGF_BETA_SIGNALING",9.07485248978717e-05,0.000238811907625978,0.538434096309916,0.569274788297037,1.90586206272758,53,"TGF BETA SIGNALING"
"HALLMARK_ESTROGEN_RESPONSE_EARLY",2.57232920902366e-07,9.89357388086023e-07,0.674962860011025,0.472138791695992,1.86570017622823,190,"ESTROGEN RESPONSE EARLY"
"HALLMARK_HEDGEHOG_SIGNALING",0.000853938431565553,0.0017790383990949,0.477270815362862,0.596794607467124,1.86006270243212,35,"HEDGEHOG SIGNALING"
"HALLMARK_HYPOXIA",4.76321224590683e-06,1.3231145127519e-05,0.610526878385931,0.452290369799721,1.78941778205824,189,"HYPOXIA"
"HALLMARK_IL2_STAT5_SIGNALING",0.000482757619545102,0.00114942290367882,0.49849310876659,0.412740576271036,1.63274731045896,192,"IL2 STAT5 SIGNALING"
"HALLMARK_APICAL_SURFACE",0.00795499242695437,0.0142053436195614,0.380730400722792,0.503046155680715,1.62330871950446,43,"APICAL SURFACE"
"HALLMARK_ESTROGEN_RESPONSE_LATE",0.000234949338553208,0.00058737334638302,0.518848077743792,0.409633365611429,1.62276540625901,193,"ESTROGEN RESPONSE LATE"
"HALLMARK_APOPTOSIS",0.00103946498942765,0.00207892997885531,0.45505986738723,0.409484576075133,1.57963253879477,155,"APOPTOSIS"
"HALLMARK_PROTEIN_SECRETION",0.0036104272082388,0.00694312924661308,0.431707695803346,0.430451655161028,1.57678270251458,95,"PROTEIN SECRETION"
"HALLMARK_INFLAMMATORY_RESPONSE",0.000733663805554939,0.00166741773989759,0.477270815362862,0.393306859641024,1.55808784012787,193,"INFLAMMATORY RESPONSE"
"HALLMARK_XENOBIOTIC_METABOLISM",0.000841027026135594,0.0017790383990949,0.477270815362862,0.390046883113883,1.5462684221505,194,"XENOBIOTIC METABOLISM"
"HALLMARK_CHOLESTEROL_HOMEOSTASIS",0.0194331695907732,0.0313438219206019,0.352487857583619,0.432401803415822,1.52328631937819,72,"CHOLESTEROL HOMEOSTASIS"
"HALLMARK_TNFA_SIGNALING_VIA_NFKB",0.00899531822626402,0.0155091693556276,0.380730400722792,0.361165757696812,1.43177456471453,194,"TNFA SIGNALING VIA NFKB"
"HALLMARK_COMPLEMENT",0.0109712506381798,0.0182854177302997,0.380730400722792,0.36164255981425,1.42906407913103,190,"COMPLEMENT"
"HALLMARK_P53_PATHWAY",0.0204843024024843,0.0320067225038817,0.352487857583619,0.344298020143621,1.36216254138963,189,"P53 PATHWAY"
"HALLMARK_GLYCOLYSIS",0.0309498399146211,0.0455144704626781,0.266350657088526,0.339597882383526,1.34857584127925,195,"GLYCOLYSIS"
"HALLMARK_ALLOGRAFT_REJECTION",0.0274562008295228,0.0416003042871557,0.352487857583619,-0.248554036200821,-1.2774987912081,177,"ALLOGRAFT REJECTION"
"HALLMARK_UNFOLDED_PROTEIN_RESPONSE",0.00508130117180643,0.00940981698482672,0.407017918923954,-0.311890268214243,-1.46160165148158,105,"UNFOLDED PROTEIN RESPONSE"
"HALLMARK_OXIDATIVE_PHOSPHORYLATION",1.90539030035067e-06,5.60408911867844e-06,0.643551836150722,-0.355911110216509,-1.83611090737952,182,"OXIDATIVE PHOSPHORYLATION"
"HALLMARK_DNA_REPAIR",1.06033440167407e-06,3.31354500523145e-06,0.643551836150722,-0.398071460517871,-1.99006515028678,139,"DNA REPAIR"
"HALLMARK_INTERFERON_GAMMA_RESPONSE",4.22755072066229e-08,1.76147946694262e-07,0.719512826338911,-0.389964867255867,-2.01536760549416,184,"INTERFERON GAMMA RESPONSE"
"HALLMARK_G2M_CHECKPOINT",4.74085335873582e-14,4.74085335873582e-13,0.965327754226083,-0.470641385052787,-2.42799327066229,182,"G2M CHECKPOINT"
"HALLMARK_INTERFERON_ALPHA_RESPONSE",7.04934024276379e-13,5.03524303054556e-12,0.921426003494898,-0.583989718257856,-2.67204244494935,91,"INTERFERON ALPHA RESPONSE"
"HALLMARK_MYC_TARGETS_V2",1.21664190145236e-10,6.08320950726179e-10,0.826657301178302,-0.642585706779962,-2.72661460827739,57,"MYC TARGETS V2"
"HALLMARK_MYC_TARGETS_V1",7.21428157870692e-27,1.20238026311782e-25,1.34223377296446,-0.589497186091428,-3.07317439507099,187,"MYC TARGETS V1"
"HALLMARK_E2F_TARGETS",1.34985852170433e-29,3.37464630426083e-28,1.40995143033448,-0.608766777977471,-3.17363088203118,187,"E2F TARGETS"
